user_id,first_name,last_name,email,gender,created_at
1,Agnella,Vispo,avispo0@auda.org.au,Female,2024-10-09
2,Janenna,Norton,jnorton1@dyndns.org,Female,2024-09-06
3,Salvador,Kahan,skahan2@surveymonkey.com,Male,2025-06-30
4,Crin,Bing,cbing3@state.gov,Female,2025-03-21
5,Farand,Ashpole,fashpole4@mozilla.com,Female,2024-12-26
6,Alyce,Bulteel,abulteel5@cmu.edu,Female,2025-05-15
7,Odette,McLane,omclane6@hao123.com,Female,2025-06-23
8,Charlene,Cossey,ccossey7@ca.gov,Female,2024-10-13
9,Reece,Coulthard,rcoulthard8@google.de,Male,2024-10-01
10,Willie,Ormes,wormes9@github.com,Female,2025-02-14
11,Darrel,Constantine,dconstantinea@google.es,Male,2024-10-03
12,Lu,Warratt,lwarrattb@google.ru,Female,2024-10-04
13,Ty,Twydell,ttwydellc@ycombinator.com,Male,2024-12-11
14,Gilly,Jagielski,gjagielskid@phpbb.com,Female,2024-11-30
15,Falito,Chivers,fchiverse@merriam-webster.com,Bigender,2024-10-11
16,Maressa,Willox,mwilloxf@army.mil,Female,2024-09-05
17,Lars,Sumsion,lsumsiong@linkedin.com,Male,2025-05-27
18,Eartha,Conerding,econerdingh@so-net.ne.jp,Female,2024-11-29
19,Corrina,Lewtey,clewteyi@upenn.edu,Female,2025-07-03
20,Ernestine,Matis,ematisj@nymag.com,Female,2025-01-13
21,Adrea,Cordes,acordesk@statcounter.com,Female,2024-10-11
22,Helaina,Nend,hnendl@cbc.ca,Genderqueer,2024-11-23
23,Wernher,Cardenas,wcardenasm@yelp.com,Male,2024-12-10
24,Tate,Tomkinson,ttomkinsonn@auda.org.au,Male,2024-10-29
25,Sarena,Scirman,sscirmano@imdb.com,Female,2024-09-30
